{
    "cam0": {
        "mtx": [
            [
                581.9543066246796,
                0.0,
                266.852049350356
            ],
            [
                0.0,
                584.4638658303018,
                258.70583688783364
            ],
            [
                0.0,
                0.0,
                1.0
            ]
        ],
        "dist": [
            [
                0.11164116150727829,
                -0.9874348641207928,
                0.010653269685411046,
                -0.008105535036821893,
                2.002349449293898
            ]
        ]
    },
    "cam1": {
        "mtx": [
            [
                678.4443911433641,
                0.0,
                343.2099243881062
            ],
            [
                0.0,
                639.2626713586193,
                211.9264602394694
            ],
            [
                0.0,
                0.0,
                1.0
            ]
        ],
        "dist": [
            [
                0.1944975583383566,
                -0.7321081044639803,
                0.010444373675953168,
                0.003984860330497212,
                0.7481425254067442
            ]
        ]
    },
    "stereo": {
        "R": [
            [
                0.6784258881208376,
                -0.5081122698673727,
                0.5306224981450364
            ],
            [
                -0.011945785077895898,
                0.71453584398284,
                0.6994968376501809
            ],
            [
                -0.7345717204918288,
                -0.48089546564087815,
                0.478689814576953
            ]
        ],
        "T": [
            [
                -0.34281187666363994
            ],
            [
                -0.32976692652858325
            ],
            [
                0.5653139111018508
            ]
        ],
        "E": [
            [
                0.24899057706497138,
                -0.24535363289847686,
                -0.5532913620089793
            ],
            [
                0.13170368216049472,
                -0.452099611612948,
                0.46406883341990013
            ],
            [
                0.2278175770038071,
                -0.41250999518482073,
                -0.06481407327493247
            ]
        ],
        "F": [
            [
                6.57859829350587e-06,
                -6.4546718695800724e-06,
                -0.008592980234997766
            ],
            [
                3.6930338172652867e-06,
                -1.2622655266762714e-05,
                0.00985286390208251
            ],
            [
                0.0010431904316773582,
                -0.002472204384524669,
                1.0
            ]
        ]
    }
}